Namespace,PodCount,AvgQueueTime,MaxQueueTime,MinQueueTime,StdQueueTime,AvgQueueTimeFormatted,MaxQueueTimeFormatted,MinQueueTimeFormatted,AvgQueueTimeDays,AvgQueueTimeHours,AvgQueueTimeMinutes,AvgQueueTimeSeconds,MaxQueueTimeDays,MaxQueueTimeHours,MaxQueueTimeMinutes,MaxQueueTimeSeconds,MinQueueTimeDays,MinQueueTimeHours,MinQueueTimeMinutes,MinQueueTimeSeconds
rocm-qa,1,338233.0,338233.0,338233.0,,3d 21h 57m 13.0s,3d 21h 57m 13.0s,3d 21h 57m 13.0s,3,21,57,13.0,3,21,57,13.0,3,21,57,13.0
opea,1,20924.0,20924.0,20924.0,,0d 5h 48m 44.0s,0d 5h 48m 44.0s,0d 5h 48m 44.0s,0,5,48,44.0,0,5,48,44.0,0,5,48,44.0
test-dev-contest,1,13903.0,13903.0,13903.0,,0d 3h 51m 43.0s,0d 3h 51m 43.0s,0d 3h 51m 43.0s,0,3,51,43.0,0,3,51,43.0,0,3,51,43.0
dev,184,2672.728260869565,471037.0,0.0,34724.028031687616,0d 0h 44m 32.73s,5d 10h 50m 37.0s,0d 0h 0m 0.0s,0,0,44,32.73,5,10,50,37.0,0,0,0,0.0
health-checker,28,0.7142857142857143,2.0,0.0,0.8099905283919411,0d 0h 0m 0.71s,0d 0h 0m 2.0s,0d 0h 0m 0.0s,0,0,0,0.71,0,0,0,2.0,0,0,0,0.0
silo-gen-models,25,0.12,1.0,0.0,0.33166247903553997,0d 0h 0m 0.12s,0d 0h 0m 1.0s,0d 0h 0m 0.0s,0,0,0,0.12,0,0,0,1.0,0,0,0,0.0
silo-model-tooling,12,0.08333333333333333,1.0,0.0,0.28867513459481287,0d 0h 0m 0.08s,0d 0h 0m 1.0s,0d 0h 0m 0.0s,0,0,0,0.08,0,0,0,1.0,0,0,0,0.0
argocd,17,0.058823529411764705,1.0,0.0,0.24253562503633297,0d 0h 0m 0.06s,0d 0h 0m 1.0s,0d 0h 0m 0.0s,0,0,0,0.06,0,0,0,1.0,0,0,0,0.0
arc,18,0.05555555555555555,1.0,0.0,0.23570226039551584,0d 0h 0m 0.06s,0d 0h 0m 1.0s,0d 0h 0m 0.0s,0,0,0,0.06,0,0,0,1.0,0,0,0,0.0
arc-gpu-1-aiswhud,1,0.0,0.0,0.0,,0d 0h 0m 0.0s,0d 0h 0m 0.0s,0d 0h 0m 0.0s,0,0,0,0.0,0,0,0,0.0,0,0,0,0.0
gpu-metrics-test,9,0.0,0.0,0.0,0.0,0d 0h 0m 0.0s,0d 0h 0m 0.0s,0d 0h 0m 0.0s,0,0,0,0.0,0,0,0,0.0,0,0,0,0.0
flux-system,9,0.0,0.0,0.0,0.0,0d 0h 0m 0.0s,0d 0h 0m 0.0s,0d 0h 0m 0.0s,0,0,0,0.0,0,0,0,0.0,0,0,0,0.0
arc-runner-test-nfs,3,0.0,0.0,0.0,0.0,0d 0h 0m 0.0s,0d 0h 0m 0.0s,0d 0h 0m 0.0s,0,0,0,0.0,0,0,0,0.0,0,0,0,0.0
buildkite,8,0.0,0.0,0.0,0.0,0d 0h 0m 0.0s,0d 0h 0m 0.0s,0d 0h 0m 0.0s,0,0,0,0.0,0,0,0,0.0,0,0,0,0.0
arc-gpu-1-triton,2,0.0,0.0,0.0,0.0,0d 0h 0m 0.0s,0d 0h 0m 0.0s,0d 0h 0m 0.0s,0,0,0,0.0,0,0,0,0.0,0,0,0,0.0
ish-testing,2,0.0,0.0,0.0,0.0,0d 0h 0m 0.0s,0d 0h 0m 0.0s,0d 0h 0m 0.0s,0,0,0,0.0,0,0,0,0.0,0,0,0,0.0
shark-ce,1,0.0,0.0,0.0,,0d 0h 0m 0.0s,0d 0h 0m 0.0s,0d 0h 0m 0.0s,0,0,0,0.0,0,0,0,0.0,0,0,0,0.0
tuning,2,0.0,0.0,0.0,0.0,0d 0h 0m 0.0s,0d 0h 0m 0.0s,0d 0h 0m 0.0s,0,0,0,0.0,0,0,0,0.0,0,0,0,0.0
